{"cameraMode":{"drawMode":0,"name":"Shaded","section":"Shading Mode"},"sceneLighting":true,"audioPlay":false,"sceneViewState":{"m_AlwaysRefresh":false,"showFog":true,"showSkybox":true,"showFlares":true,"showImageEffects":true,"showParticleSystems":true,"showVisualEffectGraphs":true,"m_FxEnabled":true},"in2DMode":false,"pivot":{"x":-1.6328439712524415,"y":-1.0794084072113038,"z":2.167257308959961},"rotation":{"x":-0.11656119674444199,"y":0.08985167741775513,"z":-0.010589002631604672,"w":-0.9890586137771606},"size":8.72087574005127,"orthographic":false}