{"cameraMode":{"drawMode":0,"name":"Shaded","section":"Shading Mode"},"sceneLighting":true,"audioPlay":false,"sceneViewState":{"m_AlwaysRefresh":false,"showFog":true,"showSkybox":true,"showFlares":true,"showImageEffects":true,"showParticleSystems":true,"showVisualEffectGraphs":true,"m_FxEnabled":true},"in2DMode":false,"pivot":{"x":-1.9017256498336793,"y":1.3499999046325684,"z":26.885587692260743},"rotation":{"x":-0.07612108439207077,"y":-0.8744847178459168,"z":0.14589692652225495,"w":-0.4563290774822235},"size":-2.2878425121307375,"orthographic":false}