{"cameraMode":{"drawMode":0,"name":"Shaded","section":"Shading Mode"},"sceneLighting":true,"audioPlay":false,"sceneViewState":{"m_AlwaysRefresh":false,"showFog":true,"showSkybox":true,"showFlares":true,"showImageEffects":true,"showParticleSystems":true,"showVisualEffectGraphs":true,"m_FxEnabled":true},"in2DMode":false,"pivot":{"x":-13.160573959350586,"y":-6.878416538238525,"z":40.50748062133789},"rotation":{"x":-0.15204232931137086,"y":0.05891766771674156,"z":-0.0067286984995007519,"w":-0.9869030117988586},"size":-3.2104251384735109,"orthographic":false}