{"cameraMode":{"drawMode":0,"name":"Shaded","section":"Shading Mode"},"sceneLighting":true,"audioPlay":false,"sceneViewState":{"m_AlwaysRefresh":false,"showFog":true,"showSkybox":true,"showFlares":true,"showImageEffects":true,"showParticleSystems":true,"showVisualEffectGraphs":true,"m_FxEnabled":true},"in2DMode":false,"pivot":{"x":2.4738972187042238,"y":0.9323849081993103,"z":-3.7980000972747804},"rotation":{"x":0.05440482869744301,"y":-0.9385074973106384,"z":0.2928277850151062,"w":0.1752043217420578},"size":1.4805469512939454,"orthographic":false}