{"cameraMode":{"drawMode":0,"name":"Shaded","section":"Shading Mode"},"sceneLighting":true,"audioPlay":false,"sceneViewState":{"m_AlwaysRefresh":false,"showFog":true,"showSkybox":true,"showFlares":true,"showImageEffects":true,"showParticleSystems":true,"showVisualEffectGraphs":true,"m_FxEnabled":true},"in2DMode":false,"pivot":{"x":2.3801321983337404,"y":0.9323851466178894,"z":-4.607627868652344},"rotation":{"x":0.1474715769290924,"y":-0.27139657735824587,"z":0.04194095730781555,"w":0.9503794312477112},"size":2.666025400161743,"orthographic":false}