{"cameraMode":{"drawMode":0,"name":"Shaded","section":"Shading Mode"},"sceneLighting":true,"audioPlay":false,"sceneViewState":{"m_AlwaysRefresh":false,"showFog":true,"showSkybox":true,"showFlares":true,"showImageEffects":true,"showParticleSystems":true,"showVisualEffectGraphs":true,"m_FxEnabled":true},"in2DMode":false,"pivot":{"x":-17.766265869140626,"y":-10.375383377075196,"z":1.0547022819519044},"rotation":{"x":-0.013732611201703549,"y":-0.9506776928901672,"z":0.3069511353969574,"w":-0.042531657963991168},"size":11.631058692932129,"orthographic":false}