{"cameraMode":{"drawMode":0,"name":"Shaded","section":"Shading Mode"},"sceneLighting":true,"audioPlay":false,"sceneViewState":{"m_AlwaysRefresh":false,"showFog":true,"showSkybox":true,"showFlares":true,"showImageEffects":true,"showParticleSystems":true,"showVisualEffectGraphs":true,"m_FxEnabled":true},"in2DMode":false,"pivot":{"x":11.971891403198243,"y":3.4392995834350588,"z":16.928743362426759},"rotation":{"x":-0.4270264506340027,"y":0.5370187759399414,"z":-0.36497756838798525,"w":-0.6295589804649353},"size":10.945087432861329,"orthographic":false}