{"cameraMode":{"drawMode":0,"name":"Shaded","section":"Shading Mode"},"sceneLighting":true,"audioPlay":false,"sceneViewState":{"m_AlwaysRefresh":false,"showFog":true,"showSkybox":true,"showFlares":true,"showImageEffects":true,"showParticleSystems":true,"showVisualEffectGraphs":true,"m_FxEnabled":true},"in2DMode":false,"pivot":{"x":10.04221248626709,"y":-1.974777102470398,"z":33.956729888916019},"rotation":{"x":0.13384515047073365,"y":0.3081364631652832,"z":-0.043834589421749118,"w":0.9408618211746216},"size":11.603617668151856,"orthographic":false}