{"cameraMode":{"drawMode":0,"name":"Shaded","section":"Shading Mode"},"sceneLighting":true,"audioPlay":false,"sceneViewState":{"m_AlwaysRefresh":false,"showFog":true,"showSkybox":true,"showFlares":true,"showImageEffects":true,"showParticleSystems":true,"showVisualEffectGraphs":true,"m_FxEnabled":true},"in2DMode":false,"pivot":{"x":-11.962032318115235,"y":1.7018154859542847,"z":14.247718811035157},"rotation":{"x":-0.034888267517089847,"y":0.9571627378463745,"z":-0.13030926883220673,"w":-0.25625014305114748},"size":1.487372636795044,"orthographic":false}